rule,horizon_days,signals,win_rate,loss_rate,average_return,median_return,p10_return,p25_return,p75_return,p90_return,best_return,worst_return,std_return,average_ex_top_1pct,top_1pct_profit_contribution,profit_factor,robustness_score
Trend: EMA50 + Momentum,1,137953,0.47398751748784,0.4745384297550615,0.0012996800212647,0.0,-0.0411389971724604,-0.0156139105748758,0.0150375939849625,0.0411312665199923,6.721943048576215,-0.9627733829688228,0.0591685505155415,-0.0017613647726962,0.2040135827761454,1.0954374106632472,25.906667794571614
Trend: EMA50 + Momentum,3,134992,0.4924514045276757,0.4856361858480502,0.0018718940872119,0.0,-0.076923076923077,-0.0290909090909091,0.0272995258451873,0.0746100740361859,18.533898305084747,-0.9847328244274808,0.114895005539035,-0.0037541029945176,0.2079605986255795,1.0748730782581897,28.572695653109744
Trend: EMA50 + Momentum,5,131957,0.4956463090249096,0.4885303545852058,0.0021430162009025,0.0,-0.102808749826476,-0.0392228931478078,0.0355125100887812,0.0969967213114754,18.20833333333333,-0.9888848920863308,0.1423100092974557,-0.005126624097099,0.2064771972692052,1.065302495707961,28.913768084977495
Trend: EMA50 + Momentum,10,125104,0.5087926844865073,0.4822707507353881,0.0052815572422878,0.0009708737864078,-0.1478334030100335,-0.0564818448391032,0.0514908730854588,0.1423973687925831,19.580357142857142,-0.9944529262086514,0.1941345404478215,-0.0049588577559863,0.2007652130980355,1.1161333841313643,33.092322216786314
Trend: EMA50 + Momentum,20,113437,0.5199714378906354,0.4749949311071343,0.0119034939544053,0.0027777777777777,-0.2102508948587423,-0.0833333333333332,0.0798319327731091,0.2142857142857144,17.188235294117643,-0.99603711790393,0.2812042051586633,-0.0025715256135376,0.1912057687369255,1.1869679924483951,38.17904394185157
Trend: EMA50 + Momentum + Volume,1,20733,0.4723387835817296,0.472772874161964,0.0021487224613046,0.0,-0.058174017909835,-0.0214285714285713,0.0193514644351462,0.0590079865489702,6.721943048576215,-0.9627733829688228,0.0934989917646449,-0.0025008556631619,0.2165516380112352,1.1118720381140306,25.96057135923554
Trend: EMA50 + Momentum + Volume,3,20291,0.491252279335666,0.4865704006702478,0.0020983434407738,0.0,-0.0999999999999998,-0.0374732334047108,0.032607989110523,0.0942928039702233,3.666666666666667,-0.9847328244274808,0.1336201805876805,-0.0055212346099307,0.2180108036092431,1.0643663670124943,28.16270722952757
Trend: EMA50 + Momentum + Volume,5,19814,0.4844049661855253,0.4980316947612799,3.07483637388155e-05,0.0,-0.133528628270839,-0.0526315789473683,0.0402675309194963,0.1168590033404433,4.841666666666667,-0.9888848920863308,0.1720740626574644,-0.0101605889140866,0.2357634393414057,1.00071899839107,25.748540998742293
Trend: EMA50 + Momentum + Volume,10,18551,0.4893536736564066,0.5001347636246024,-0.0019583968485403,-0.0001221498371335,-0.185,-0.0765860215053763,0.0518786367168269,0.153658536585366,9.279296875,-0.9944529262086514,0.2349161722592305,-0.0151440551218996,0.2298566206520996,0.9666178958852674,25.89130352710645
Trend: EMA50 + Momentum + Volume,20,17150,0.4843731778425656,0.5101457725947521,-0.0012403105724215,-0.0023420359806932,-0.2545170079816682,-0.1104548647801554,0.0714285714285714,0.2214294358768477,17.188235294117643,-0.99603711790393,0.3392629373120567,-0.0197238486837694,0.2319881892249406,0.9845091029236356,25.419045032233644
Trend: EMA50 + ADX,1,75955,0.4599565532223026,0.4747021262589691,0.0010373910344087,0.0,-0.0472895531634787,-0.0172413793103448,0.0158003025942954,0.0459576302787359,6.721943048576215,-0.9627733829688228,0.0661296296758084,-0.0023619060456982,0.2052106933053872,1.0673083871305975,23.0055932796624
Trend: EMA50 + ADX,3,74379,0.4785087188588177,0.4930558356525363,0.0004494629379724,0.0,-0.0889646579716333,-0.0335047300915049,0.0272995007021377,0.0811613024656503,18.533898305084747,-0.9847328244274808,0.135355904417674,-0.0060676506238782,0.2211833572330381,1.015638248992184,25.06421812297996
Trend: EMA50 + ADX,5,72874,0.4860306830968521,0.493001619233197,0.000188795267891,0.0,-0.1190081660763479,-0.045,0.0352278804144149,0.1045840785192888,18.20833333333333,-0.9888848920863308,0.1650390773342524,-0.0082363458066997,0.2212310218948744,1.0050315501348783,26.10574485217291
Trend: EMA50 + ADX,10,69600,0.4962068965517241,0.492801724137931,0.0013915618758186,0.0,-0.1707340691870443,-0.066788725990024,0.05,0.1519930591259639,19.580357142857142,-0.9944529262086514,0.2241179826734419,-0.0105731642120301,0.2191180032043458,1.0263903579889069,28.22895658506549
Trend: EMA50 + ADX,20,62710,0.5084356561951842,0.485472811353851,0.0039148223554504,0.0011886548484473,-0.2483801778453013,-0.1008961451013407,0.0779305436234457,0.2208558417547605,17.188235294117643,-0.996005089058524,0.3248164360208573,-0.0126312854845304,0.2092890326343671,1.0525194790189725,31.97832046135747
Reversal: 50D Support + RSI,1,4730,0.454122621564482,0.5207188160676532,0.0052073431522062,-0.0021403771037276,-0.0620689655172412,-0.0273671347165165,0.0198617778322403,0.0534699432260935,34.57657657657658,-0.97,0.509886370175459,-0.0055560683326609,0.4169928080238069,1.2543611305227973,25.77432620453628
Reversal: 50D Support + RSI,3,4662,0.4864864864864865,0.4978549978549978,0.0116575478096014,0.0,-0.1101851734516078,-0.0455366170735229,0.0405919879270134,0.0993761136759848,9.894495412844035,-0.9918181818181818,0.282173686611894,-0.0061063707428819,0.3732694160708495,1.3258928286822875,32.59893765472683
Reversal: 50D Support + RSI,5,4573,0.5082003061447627,0.481521976820468,0.0219081111876622,0.0018820577164366,-0.134469472231804,-0.0555555555555555,0.0545825539874171,0.1352733040507566,7.018018018018017,-0.8133636807023248,0.3196942187122262,-0.0016331983108651,0.3595866483517772,1.5034623890959766,41.58210874056381
Reversal: 50D Support + RSI,10,4413,0.5320643553138454,0.4613641513709495,0.0324752607012469,0.0080128205128204,-0.2092300474379866,-0.0790190735694822,0.0845070422535212,0.1999650959860384,13.97695852534562,-0.9990229231019346,0.4789731958967047,-0.0014743567680329,0.3528194355703505,1.5097609076198326,51.690213065128056
Reversal: 50D Support + RSI,20,3828,0.5326541274817137,0.4629049111807732,0.0333825491864885,0.0112377527239894,-0.3044130003963536,-0.1112954219908593,0.1159164611309035,0.2594545812549225,11.712765957446807,-0.9943790849673204,0.5444885720758504,-0.0072981983997942,0.3320195130089995,1.3754036317841536,52.52151327329144
Reversal: 50D Support + Higher Low,1,15289,0.425796324154621,0.4286742102164955,-0.0004574596337509,0.0,-0.0168831985298562,-0.0039973351099266,0.0036978341257263,0.0151531856603521,0.3138075313807531,-0.4268167860798362,0.0209311089239603,-0.0014553979913545,0.1997919566845833,0.9149691517667544,18.29938303533509
Reversal: 50D Support + Higher Low,3,15022,0.5104513380375449,0.4324324324324324,0.0023432508335167,0.0003980099660111,-0.0275259777885079,-0.0058902935535574,0.0080289079332567,0.0302594068354847,7.142978003384094,-0.6047804878048779,0.089918342470394,-0.0009492463835254,0.283175893188178,1.2533157594809727,35.53954816188808
Reversal: 50D Support + Higher Low,5,15016,0.5492141715503462,0.4089637719765583,0.0059771122590447,0.0009832841691248,-0.0334823316319226,-0.0062442700750427,0.0116523078634828,0.0440587021511665,7.76993166287016,-0.6412820512820513,0.1295860673730217,0.0008500658144548,0.2977791406765215,1.5304021973388957,48.581561695584405
Reversal: 50D Support + Higher Low,10,14192,0.5958990980834273,0.381130214205186,0.0133848853780965,0.0022725972540046,-0.0428555502468547,-0.0074943977169352,0.0209287780090682,0.0727194812544846,9.459081836327346,-0.98789313904068,0.1906581486450236,0.0047821510191493,0.3021775801340878,1.8781880264587123,62.5668023751792
Reversal: 50D Support + Higher Low,20,12357,0.6394756008739986,0.3487092336327587,0.0209755898394528,0.0048732943469786,-0.0591458427987279,-0.0077519379844961,0.0365853658536585,0.1125794351111213,6.468879668049792,-0.9030172413793104,0.1970737727725377,0.0108833354308995,0.2461323616702354,2.024803849999104,73.47746363560312
Reversal: 50D Support + Volume,1,7795,0.4160359204618345,0.4473380372033355,-0.0018932089798599,0.0,-0.0339222252597047,-0.0076657238690853,0.0055352436120178,0.0277423245477133,1.526315789473684,-0.8588617886178862,0.050780382718119,-0.0043076680832567,0.2393837258538751,0.8395803044104481,16.79160608820896
Reversal: 50D Support + Volume,3,7642,0.5065427898455902,0.4383669196545407,0.0031695940975731,0.0003148011979959,-0.0523308978217063,-0.0096115384615385,0.0123456790123456,0.0527949771503735,9.894495412844035,-0.8927642276422765,0.1578182138358183,-0.0036401626546645,0.3184972161158946,1.1751385216405958,33.241369938406265
Reversal: 50D Support + Volume,5,7492,0.5276294714361986,0.4276561665776828,0.0042404103623442,0.0009442870632672,-0.0677966101694914,-0.0121951219512194,0.0149269029969476,0.0710944402544332,4.182481751824818,-0.9001626016260162,0.1302778655429185,-0.0031985072245506,0.2807367312595618,1.1914847528674022,37.712227359981696
Reversal: 50D Support + Volume,10,7030,0.5914651493598863,0.3846372688477951,0.0081697356670563,0.002431315485322,-0.0864877852773934,-0.0124611441664597,0.030435843226541,0.0990109783557246,5.148387096774193,-0.999015561015561,0.1506358348272615,-0.0001815537120131,0.2312275904207515,1.292406724746171,51.85697487355985
Reversal: 50D Support + Volume,20,6180,0.6064724919093851,0.381715210355987,0.0139203815312936,0.0044834200058191,-0.126811741454181,-0.0181162891798969,0.0531039031582214,0.147242737564887,6.810090328266138,-0.9846058534501176,0.2077148032192479,0.0030801804869166,0.2042706480331434,1.3542416163870286,60.41847794220547
Reversal: 50D Support + RSI + Higher Low,1,642,0.4517133956386293,0.5155763239875389,-0.0046222077930692,-0.0010335442774426,-0.0460430709305108,-0.0206288659793814,0.0120510158104822,0.0366981219504109,0.3043478260869565,-0.4268167860798362,0.0485082888915817,-0.006457466745863,0.1494396039809839,0.7198544048811778,9.426263892007656
Reversal: 50D Support + RSI + Higher Low,3,636,0.5172955974842768,0.4638364779874214,0.0166422843136935,0.0012236046666586,-0.076756221719457,-0.0291051467103939,0.0336386849160572,0.0790887184970587,5.956521739130435,-0.5222222222222223,0.2601711487416893,0.0008096342793841,0.3830760544612142,1.67355965152922,27.63520515343859
Reversal: 50D Support + RSI + Higher Low,5,636,0.5518867924528302,0.4355345911949685,0.0259478848654498,0.0058653992976027,-0.1007381756756757,-0.0344986449864498,0.0465016057312769,0.1251069876155004,5.360612109115104,-0.6412820512820513,0.3051350062475802,0.0047592548191234,0.3742613308538626,1.842830124408113,37.39400153447847
Reversal: 50D Support + RSI + Higher Low,10,609,0.5845648604269293,0.4088669950738916,0.0543605727114704,0.0161290322580645,-0.122596371882086,-0.0370407473265045,0.0859188544152744,0.1957132099008904,9.459081836327346,-0.7861538461538462,0.5020524294057502,0.0196774870291315,0.3710847766774484,2.371844184349395,56.73040097942102
Reversal: 50D Support + RSI + Higher Low,20,545,0.6458715596330276,0.3504587155963303,0.0544262811995466,0.0325443786982249,-0.2049169614964041,-0.0508720930232557,0.1335578002244668,0.2459804847340261,6.198935462408517,-0.9030172413793104,0.4266711768547301,0.0259669982980457,0.257862852335644,1.9571383628712296,54.50000000000001
Reversal: 50D Support + Hammer,1,2951,0.4317180616740088,0.4191799390037276,0.0007048261592303,0.0,-0.0215231788079469,-0.003917731476152,0.0039904676871601,0.0205128205128204,0.7857142857142858,-0.4015233949945593,0.0369000297947638,-0.0014500733481608,0.2691836238960501,1.097250267823797,21.945005356475946
Reversal: 50D Support + Hammer,3,2886,0.4982674982674983,0.437976437976438,0.0049522337558843,0.0,-0.0376461967294852,-0.0062591731898238,0.0077860344644233,0.0446271600434121,1.946428571428572,-0.4492753623188406,0.0865532404878622,-0.0007434880730255,0.3186752664364289,1.3839460974693294,35.723504993969634
Reversal: 50D Support + Hammer,5,2813,0.526128688233203,0.422680412371134,0.0067259270080776,0.0008006405124099,-0.0540045016761195,-0.0079365079365079,0.0108932461873638,0.065911717102808,3.113060428849902,-0.955532786885246,0.1144010977872217,-0.0002794194429659,0.286802414907685,1.3802093099459198,41.09294141686215
Reversal: 50D Support + Hammer,10,2652,0.5731523378582202,0.3963046757164404,0.0142096755831017,0.0019323671497584,-0.0794849282996781,-0.0107028940886699,0.0195440992618124,0.0912975923473936,6.290448343079922,-0.7945071113290829,0.2133336217314378,0.0010002787860843,0.3370749645727979,1.5682114770219715,53.7081052754005
Reversal: 50D Support + Hammer,20,2256,0.598404255319149,0.3834219858156028,0.0177209732627091,0.0034748078586371,-0.1125594253549597,-0.013896685637689,0.0281510262968062,0.1327723309807428,7.915789473684212,-0.921132075471698,0.2845361811492612,-0.000211526599118,0.3270521030804156,1.477610081283811,57.7610520375049
Reversal: 50D Support + Bull Engulf,1,1335,0.4352059925093633,0.4711610486891385,-0.0004746194350027,0.0,-0.0211587983982393,-0.0071427360257437,0.0054983400447801,0.016884570165871,0.2896039603960396,-0.1425,0.0220016940100452,-0.0016181006069603,0.1931403866901719,0.9248247171619964,18.49649434323993
Reversal: 50D Support + Bull Engulf,3,1314,0.5426179604261796,0.4124809741248097,0.0035613480265264,0.0009871668311944,-0.0324609061274626,-0.006754380564822,0.0150840456423049,0.0364100016559033,0.6666666666666667,-0.4210884353741496,0.0495470643784609,0.0007654174070139,0.204384557433311,1.3506831671773984,44.39392867120643
Reversal: 50D Support + Bull Engulf,5,1314,0.5722983257229832,0.4056316590563166,0.0058299993991226,0.0018792088165275,-0.04,-0.0074509450686801,0.0200704196060162,0.0531867587946718,0.7030303030303031,-0.4035087719298245,0.0609794670405679,0.0024578240064401,0.1823873787861168,1.4557390734363649,54.44932458046898
Reversal: 50D Support + Bull Engulf,10,1261,0.5979381443298969,0.3862014274385408,0.0130564584318319,0.0029354207436398,-0.0514285714285714,-0.0095356550580431,0.0363636363636361,0.0817120622568092,1.552941176470588,-0.6900149031296572,0.0960891538750808,0.0077631810214527,0.1755713997993934,1.745521945472439,67.29575440877197
Reversal: 50D Support + Bull Engulf,20,1125,0.6151111111111112,0.3768888888888889,0.0203414699756529,0.0054600241060667,-0.0867043621189586,-0.0159161490683229,0.0589595375722542,0.1339071496361912,1.670588235294118,-0.6747559274755928,0.1380478555892392,0.0128131287671845,0.1601601561847725,1.7411491226136515,76.47643506504735
Reversal: Support Rejection + RSI,1,2424,0.4781353135313531,0.4983498349834983,0.0022874607536172,0.0,-0.0671448519828709,-0.0279931033318895,0.0246071288906911,0.0664555848724715,2.7189249720044795,-0.4645669291338582,0.1035316368499933,-0.0031896652700236,0.2303046298778096,1.1071033676619462,26.83128627513111
Reversal: Support Rejection + RSI,3,2407,0.464894058994599,0.5234732031574574,0.0014019180593714,-0.0044210526315788,-0.1325425689461382,-0.0567522958550508,0.0396971748208673,0.1038225925018378,6.215517241379311,-0.8829020493226815,0.2288783776777858,-0.0123581350279978,0.3082157992722417,1.0327225955140429,23.136795076047363
Reversal: Support Rejection + RSI,5,2377,0.4703407656710139,0.5178796802692469,0.013243749854171,-0.003012048192771,-0.1725196078431373,-0.07140434192673,0.0491803278688525,0.1385688644817254,12.49724034119418,-0.88375,0.4122543605909875,-0.0138486737136012,0.3905458028453903,1.2374120800759243,28.13836921335413
Reversal: Support Rejection + RSI,10,2319,0.4821043553255714,0.5105648986632169,0.0299229034885065,-0.0033670033670032,-0.2600627802690582,-0.1045829115686927,0.0739935587761674,0.203254155141264,13.97695852534562,-0.9470454545454544,0.663762728371257,-0.0189087372846473,0.4431135350978015,1.3747151716494723,32.84502932058468
Reversal: Support Rejection + RSI,20,2134,0.4746954076850984,0.5192127460168697,0.0115767871187373,-0.0071536759738051,-0.3781575471698112,-0.1606977878985035,0.0923982947497889,0.2509444712462633,7.535128678466718,-0.9943790849673204,0.5504433968595,-0.031564853685836,0.3406374060298962,1.1014074760407315,26.14405080166436
Reversal: Support Rejection + Volume,1,5302,0.474726518294983,0.4337985665786495,0.0059745173372121,0.0,-0.0497252719453579,-0.0144491427247451,0.016126710865972,0.0562548457402857,2.7189249720044795,-0.9521942446043166,0.1062084041153663,-0.0005447064218843,0.2882426991700669,1.359396998033632,31.30902634316981
Reversal: Support Rejection + Volume,3,5230,0.4925430210325048,0.4694072657743786,0.0090378040255816,0.0,-0.0857155290314559,-0.0254599429284485,0.0253405207681571,0.0952380952380953,6.215517241379311,-0.969496402877698,0.1889764526774782,-0.0020976026178926,0.298983173551567,1.3212105291053982,33.51471408752543
Reversal: Support Rejection + Volume,5,5121,0.4868189806678383,0.4850615114235501,0.0089061966690023,0.0,-0.1130927835051546,-0.0350877192982455,0.0271739130434782,0.1058823529411765,12.49724034119418,-0.9888848920863308,0.2940501571813717,-0.0071953472554672,0.3502297487323679,1.2415997699652923,30.968492177278893
Reversal: Support Rejection + Volume,10,4858,0.4981473857554549,0.4829147797447509,0.0060520287324926,0.0,-0.1627958318869375,-0.0500528566763481,0.0374465456876572,0.1451256741630202,11.794781736076269,-0.9902877697841728,0.3258285327488826,-0.0118314504384046,0.3108946463280386,1.1184475490759491,30.393515274094806
Reversal: Support Rejection + Volume,20,4432,0.5115072202166066,0.4796931407942238,0.0067590377399737,0.0012021662597623,-0.2299634915699628,-0.0767339748175703,0.0565545371263888,0.20412154200101,6.810090328266138,-0.995322966507177,0.3472072742309944,-0.0160427076709125,0.2927411127357432,1.0957541936799255,33.36845350279526
Reversal: 100D Support + RSI,1,2183,0.4461749885478699,0.5281722400366469,0.0133916226938575,-0.0031645569620254,-0.0660364145658263,-0.0302664576802507,0.0207051879465672,0.054023226835067,34.57657657657658,-0.469453125,0.7478657266314297,-0.0070317318542708,0.5703099689800339,1.6005012460697312,27.89070093059898
Reversal: 100D Support + RSI,3,2120,0.4594339622641509,0.5273584905660378,0.0110856866371427,-0.0041209564622871,-0.1211266239324368,-0.0534917125915044,0.0382413388138578,0.1017444018310033,9.894495412844035,-0.6867704280155642,0.3561345885557911,-0.0124662279049811,0.4498012777226984,1.2703793765912468,26.97991457585009
Reversal: 100D Support + RSI,5,2045,0.4694376528117359,0.5178484107579462,0.0072632748322629,-0.0032196518006201,-0.1516991780149675,-0.0725053840631729,0.0504983388704318,0.132061411992263,7.018018018018017,-0.7736358725013506,0.2913327168781539,-0.0136371341206335,0.3528610113225408,1.1407883290620138,26.05537538319626
Reversal: 100D Support + RSI,10,1910,0.4853403141361256,0.5089005235602094,-0.0016272666227601,-0.0032006519554909,-0.2397534246575342,-0.1026875986861959,0.0765167282825553,0.1719974441477831,6.521739130434782,-0.9803007518796992,0.3273323475287485,-0.0230303123301098,0.2852868901094545,0.9785454367556812,25.460961091134564
Reversal: 100D Support + RSI,20,1388,0.4495677233429395,0.5432276657060519,-0.0238786985593889,-0.0137188367896084,-0.3564207002003584,-0.1489990516153853,0.0937703335746321,0.2109869838096316,11.712765957446807,-0.9943790849673204,0.4255710848809146,-0.0472764753164329,0.2752266128450705,0.7774225397553762,15.548450795107524
Reversal: Bottom Reclaim + Support,1,5625,0.4478222222222222,0.5095111111111111,-0.0020722213984519,-0.0005799342741155,-0.0473636960231,-0.020066889632107,0.0153609831029186,0.0421348453099964,1.1999999999999995,-0.8588617886178862,0.0528638246889453,-0.0044493573374951,0.1695229607056974,0.8691236234537033,17.382472469074063
Reversal: Bottom Reclaim + Support,3,5581,0.5129905034939974,0.468733201935137,0.0088164445616421,0.0012499999999999,-0.0819672131147539,-0.0306112557257711,0.0341948310139166,0.0872483221476509,9.894495412844035,-0.8927642276422765,0.2090657089974852,-0.0016782867612671,0.2943881533545356,1.3292584068494702,38.33358538598895
Reversal: Bottom Reclaim + Support,5,5531,0.5306454529018261,0.4566986078466823,0.0084972532882201,0.0028887993553585,-0.1064516129032258,-0.0384359761794789,0.0449408025921169,0.1061507936507937,5.360612109115104,-0.9001626016260162,0.1732537136161811,-0.0016619360593885,0.2418784159101671,1.254137557679519,41.41245932591996
Reversal: Bottom Reclaim + Support,10,5354,0.5444527456107583,0.4475158759805753,0.020587967998924,0.0067457253171538,-0.1526760806785647,-0.051739313725368,0.0690548508129356,0.1584271784127919,13.97695852534562,-0.999015561015561,0.3315459523725584,0.0017026931988755,0.2831374146007644,1.445901167272894,53.53423942966591
Reversal: Bottom Reclaim + Support,20,4621,0.5684916684700281,0.4258818437567626,0.0314493493955289,0.0124999999999999,-0.2176165803108808,-0.0718711276332094,0.1052501238236751,0.2394230769230769,7.915789473684212,-0.9994049504950496,0.353847577929381,0.0088191882786484,0.239301324837032,1.4953811697956303,73.18022015589443
Reversal: RSI + 20D Support,1,5382,0.4509476031215161,0.510776662950576,-0.0021474143009524,-0.0010050251256281,-0.0568451874366768,-0.0239440789965945,0.0180135135135133,0.0474608554802328,2.7189249720044795,-0.97,0.0689466100557995,-0.0051442564533979,0.1829765423740955,0.8823259891753866,17.804453637093758
Reversal: RSI + 20D Support,3,5333,0.4744046502906431,0.507219201200075,0.0066352861870402,-0.0009842519685039,-0.0957903414530369,-0.0412371134020618,0.0336457984599931,0.0892747252747252,9.894495412844035,-0.823394495412844,0.2226827273766932,-0.0061934160043627,0.3299721783282179,1.2069884388502596,28.207210492112385
Reversal: RSI + 20D Support,5,5279,0.4828566016290964,0.501420723621898,0.0102141221218384,-0.000504795557799,-0.1194803857991331,-0.0507778654354087,0.0444965264195521,0.1167791672587751,6.24,-0.8623853211009174,0.2390124739677839,-0.0054540761679465,0.3134714739326592,1.2579496771781205,30.63509381507848
Reversal: RSI + 20D Support,10,5195,0.5181905678537055,0.4737247353224254,0.0132454878176721,0.0028810536424748,-0.1824062541867423,-0.0706985312874671,0.0709552593861945,0.1737518607580442,9.459081836327346,-0.9803007518796992,0.2952648145543448,-0.0053058349576667,0.2645789768012626,1.2337135303597664,38.9204188919544
Reversal: RSI + 20D Support,20,4784,0.5196488294314381,0.4753344481605351,0.0123462252697957,0.0051037824772228,-0.271948574981892,-0.1007534999421497,0.094763045887222,0.2231471619303348,11.67605633802817,-0.9943790849673204,0.40314145871107,-0.0137299075887155,0.2787491942830079,1.152957309864909,39.77106691309407
Reversal: RSI + Stoch + Support,1,5043,0.4507237755304382,0.5155661312710688,-0.0023847797526621,-0.0015556938394523,-0.0585117275749241,-0.0255721484042233,0.0189866349244944,0.0490016189962223,2.7189249720044795,-0.97,0.0707164080959906,-0.0054762419328518,0.1829750508705913,0.8743767250343573,17.608163755760184
Reversal: RSI + Stoch + Support,3,4996,0.47177742193755,0.5128102481985588,0.0069335562207292,-0.001993621682464,-0.0992266757020708,-0.0436950584195535,0.0361039273523934,0.0924171337037884,9.894495412844035,-0.823394495412844,0.2297133834242666,-0.0064303287522755,0.328924289268661,1.2069485660324453,27.76854164357391
Reversal: RSI + Stoch + Support,5,4944,0.4799757281553398,0.5062702265372169,0.010757015649536,-0.0012541076246943,-0.1221771771771772,-0.0543795763598326,0.0470523712490885,0.1202701119934132,6.24,-0.8623853211009174,0.2459138612317609,-0.0054992891467908,0.3114600225396616,1.2607011582624743,30.209977857806116
Reversal: RSI + Stoch + Support,10,4863,0.5151141270820481,0.4778943039276166,0.0128564236902466,0.0033388981636059,-0.189823834616247,-0.0754251062765691,0.0762581420780371,0.1793853746930576,9.459081836327346,-0.9803007518796992,0.2953228163026691,-0.0056007840693325,0.2552054866417337,1.2169864764436589,38.53098220615385
Reversal: RSI + Stoch + Support,20,4461,0.518269446312486,0.4772472539789285,0.0129418965362539,0.0063414634146341,-0.2815033161385409,-0.106267029972752,0.1018837888033963,0.2333333333333334,11.67605633802817,-0.9943790849673204,0.4125541369042316,-0.0136202507000365,0.2728101109935949,1.1541975217976252,40.803654902667645
Reversal: Hammer + Support,1,4046,0.4478497281265447,0.4008897676717746,0.0003123752293954,0.0,-0.020066858049407,-0.0031928392471882,0.0043017873317465,0.0195149687929757,0.7857142857142858,-0.4015233949945593,0.0327784610620761,-0.0013895353130446,0.2392640090048181,1.0463236767811803,20.926473535623604
Reversal: Hammer + Support,3,3993,0.4823441021788129,0.451289757074881,0.0016099283216506,0.0,-0.0356720202874049,-0.0067540723083036,0.0063091482649841,0.0360440340009375,1.946428571428572,-0.532994923857868,0.0699910753563334,-0.0023024156145187,0.2866004726700205,1.134581587373923,28.08231544394727
Reversal: Hammer + Support,5,3926,0.4982170147733061,0.4518593988792664,0.0017412107873656,0.0,-0.0488262205221933,-0.0096889253785804,0.0078720801492733,0.0484551714981499,1.6630083925112973,-0.6808429118773947,0.0828294941735328,-0.0030863129361033,0.2633071793102829,1.1056781716192454,30.14973256126926
Reversal: Hammer + Support,10,3781,0.5226130653266332,0.4464427400158688,0.0025866786536945,0.0009293680297397,-0.0731707317073171,-0.0148043375766147,0.0109979633401222,0.0722171113155474,5.148387096774193,-0.8235532994923858,0.1449332030302775,-0.0051965908382387,0.2792436286763629,1.103038928452129,35.0923241532212
Reversal: Hammer + Support,20,3376,0.5423578199052133,0.4401658767772511,0.0046462477558846,0.0019193928676688,-0.1070197044334975,-0.0209870331149977,0.0184757834757834,0.106145707500658,7.915789473684212,-0.9794871794871794,0.2342331481975259,-0.0080826520679122,0.3130411919188036,1.129916176979805,39.91068639146715
Reversal: Bull Engulf + Support,1,1346,0.4205052005943536,0.4635958395245171,-0.0005814182969041,0.0,-0.0148468032122772,-0.0045471573309785,0.0030452122727347,0.0123040623875726,0.1272965879265091,-0.1342857142857143,0.0163031600907981,-0.0013759964718349,0.191109771847614,0.8754882091414511,17.50976418282902
Reversal: Bull Engulf + Support,3,1326,0.5120663650075414,0.4328808446455505,0.0006800616338439,0.0004752868889491,-0.0235349369125461,-0.0050651084490724,0.0071522477925894,0.0254905204302932,0.3720598006644517,-0.1995652173913044,0.0310239753696372,-0.0008446590351954,0.1802033529908315,1.0879189600879615,32.57806025863196
Reversal: Bull Engulf + Support,5,1326,0.5369532428355958,0.4283559577677224,0.0025574560199189,0.0009675879114705,-0.0262757267831496,-0.0065498755292843,0.0111154797832571,0.0380262237770606,0.8902439024390245,-0.4119782214156079,0.0473994121964453,0.0003480704932271,0.1817120446705101,1.2658466708765472,41.21181658480143
Reversal: Bull Engulf + Support,10,1285,0.5610894941634241,0.4202334630350194,0.0045342375861544,0.0017980919354774,-0.0463119184901785,-0.0102389078498293,0.0162464985994397,0.0540551265100198,1.552941176470588,-0.6900149031296572,0.0780423697819198,0.0004113521297454,0.2164598618598377,1.3120520002659273,47.06823779688175
Reversal: Bull Engulf + Support,20,1174,0.5783645655877342,0.4105621805792163,0.0092894744665919,0.0029565646594273,-0.0646016740305224,-0.0146204926356409,0.0305980725623582,0.0951475319617306,1.670588235294118,-0.6259314456035767,0.1132698552404716,0.0031453089696102,0.1948893987468154,1.4149279160855737,56.5808534577741
Secondary: Breakdown + RSI,1,8320,0.4657451923076923,0.5110576923076923,-0.0019449788113185,-0.0014564874592523,-0.0794566401100475,-0.0342851423463742,0.0274044852898677,0.0730974750440399,2.469135802469136,-0.84,0.0983178207613698,-0.0070880499298996,0.1986296880855598,0.9292265313374272,21.20872934469725
Secondary: Breakdown + RSI,3,8190,0.500976800976801,0.4891330891330891,0.0766230844705452,0.000290880817683,-0.140403584710114,-0.0557476575007063,0.0544244764397905,0.1345141700404859,92.83954154727792,-0.9913896848137536,2.113072708730192,-0.0069046998293162,0.6749825675897507,2.6294530342982467,31.99996296004449
Secondary: Breakdown + RSI,5,8181,0.4873487348734873,0.502628040581836,0.0407548935110424,-0.0008791208791208,-0.1810136765888979,-0.072992700729927,0.0652173913043479,0.1575757575757574,87.68194842406878,-0.998418837148119,1.457176903463259,-0.0098013084765611,0.502667752484836,1.6834877560464236,36.12815037432544
Secondary: Breakdown + RSI,10,8023,0.5026797955876854,0.490090988408326,0.0251150863697463,0.0018281535648996,-0.2615396785255193,-0.100247249388753,0.0944348635533418,0.2289269026972825,13.686567164179104,-0.9617732558139536,0.5091524834120187,-0.0080972104952166,0.3124015594132264,1.3102953098795271,36.814025693771065
Secondary: Breakdown + RSI,20,7192,0.5045884315906563,0.4916573971078977,0.0159220472565138,0.002403603166489,-0.3831958321438766,-0.1473397913561848,0.1240374749949601,0.3015651659396928,10.776636019469985,-0.9944516129032258,0.5059214942599956,-0.0185230182796976,0.2687326656127607,1.1427046243038457,34.35576758434197
Secondary: Breakdown + RSI + Volume,1,3264,0.4586397058823529,0.5245098039215687,-0.0060447523336033,-0.003380376967207,-0.0997880497167485,-0.0412539220080682,0.0303030303030302,0.0789378566899175,2.0950807635829665,-0.84,0.1142463899723751,-0.0117243953937325,0.194788683261816,0.8253598911864609,17.94714880412137
Secondary: Breakdown + RSI + Volume,3,3194,0.4877896055103318,0.5006261740763932,0.1297983330328189,-0.0003408428955811,-0.168354381641768,-0.0641246118012422,0.05504826009652,0.1424250912106137,92.83954154727792,-0.9913896848137536,2.9436398204669496,-0.0152515540907669,0.7736144460185039,3.257100287777529,26.36653720833898
Secondary: Breakdown + RSI + Volume,5,3186,0.482736974262398,0.5069052102950408,0.0306190670867706,-0.0015685597179655,-0.2288631790744466,-0.083032772103546,0.0675124417182932,0.1666666666666667,87.68194842406878,-0.998418837148119,1.684485152155865,-0.0205085380957324,0.4975159015847971,1.42677267864672,33.99161595000073
Secondary: Breakdown + RSI + Volume,10,3099,0.5027428202646015,0.4920942239432075,0.0076998722502575,0.0009765625,-0.3077075128864019,-0.1106446638824577,0.0979062181979489,0.2435128899507209,9.395107033639142,-0.9617732558139536,0.4046145859545944,-0.0177512323519075,0.2509068733385758,1.082748320519805,31.421998954496345
Secondary: Breakdown + RSI + Volume,20,2807,0.5037406483790524,0.492340577128607,0.0100840214076573,0.0026035502958579,-0.4066142718041452,-0.1498411700353503,0.1266459642549248,0.3187127657715893,10.776636019469985,-0.9880768531976744,0.5288798384365797,-0.0245211267587537,0.2663414304015523,1.084792846085627,33.256181947412514
Secondary: Breakdown + 50D Support,1,2264,0.4439045936395759,0.5163427561837456,-0.0014323605433313,-0.0009251903772211,-0.0463585943868638,-0.0172851785553887,0.0139490737902027,0.0376738827239099,1.526315789473684,-0.6006234171050069,0.0615454711086105,-0.0046019373903879,0.2294850456300029,0.9048214096190902,18.096428192381804
Secondary: Breakdown + 50D Support,3,2222,0.5031503150315032,0.4797479747974797,0.0023641502641884,0.0003961965134706,-0.0776020326823434,-0.0254254118883497,0.0303635417271058,0.0769862026315228,1.18348623853211,-0.8537735849056604,0.0867509696271841,-0.0018913486368148,0.162829101651103,1.09994040281729,31.25339040840033
Secondary: Breakdown + 50D Support,5,2222,0.5238523852385238,0.4581458145814581,0.0088418203954288,0.0027210194446984,-0.091904501264107,-0.0311141701111557,0.0429824943379776,0.1076930109247155,1.6018518518518516,-0.8902830188679245,0.1154626615771843,0.0026976256974819,0.1664445859346157,1.313173202085003,44.6652464813383
Secondary: Breakdown + 50D Support,10,2150,0.5409302325581395,0.4483720930232558,0.0185458897745586,0.0047272725795233,-0.1173349251329082,-0.0369695672386602,0.062776984504733,0.1479693097206883,3.9537037037037033,-0.8990566037735849,0.1866080647336047,0.0072246579312906,0.2080158117271514,1.5120598382861836,58.91313375332654
Secondary: Breakdown + 50D Support,20,1880,0.551063829787234,0.4452127659574468,0.024276400896439,0.0084426476131009,-0.1765862463536882,-0.0534371956125863,0.1007682694474606,0.2162310320607559,2.717595146166575,-0.9834088927637314,0.2196756333495835,0.0123870254130631,0.1566609449732543,1.4635285343217077,70.04097169706971
Breakout: Breakout + Volume,1,8500,0.4748235294117647,0.4971764705882353,0.0017411935755093,0.0,-0.0708968792401627,-0.0282114906048256,0.0244450468138726,0.0697756590388416,6.721943048576215,-0.9627733829688228,0.1227261562023437,-0.0043201393702703,0.2288195595715863,1.0708967147006367,25.555189195973515
Breakout: Breakout + Volume,3,8313,0.4732346926500662,0.5159388908937809,0.0014052574583299,-0.0017241379310344,-0.1214507628294036,-0.0498753117206982,0.0370370370370369,0.1088066321243524,3.666666666666667,-0.9847328244274808,0.1726709683958816,-0.0093258103368897,0.2483686832948187,1.0339220718753546,24.55089021251812
Breakout: Breakout + Volume,5,8313,0.452303620834837,0.539636713581138,-0.0009652337174244,-0.0055865921787709,-0.1650746935130307,-0.0692682926829267,0.0456479690522244,0.1342872540333068,4.024685957127679,-0.988909426987061,0.2193093789667187,-0.0153162100351914,0.2666200021196862,0.982196927215198,20.02787535011013
Breakout: Breakout + Volume,10,7832,0.437946884576098,0.554902962206333,-0.0118828549026305,-0.0115882203871733,-0.2232964551817566,-0.1025744989061669,0.053059567086174,0.1675456106196144,9.279296875,-0.9944529262086514,0.2741142299280637,-0.0276692395786915,0.2467445034419327,0.8410208386065114,16.82041677213023
Breakout: Breakout + Volume,20,7408,0.4229211663066954,0.5734341252699784,-0.0138991206238896,-0.0253329653238553,-0.296965671492222,-0.1461632879315805,0.0681818181818181,0.2359072418929758,12.928571428571429,-0.996005089058524,0.3918081648032264,-0.0374654016938684,0.2692413763302441,0.8610609775779484,17.221219551558967
Breakout: Breakout + EMA50 + Volume,1,6737,0.4792934540596705,0.4926525159566572,0.0025676727444951,0.0,-0.0697815576807707,-0.0270935960591133,0.0246826516220028,0.0699796749259178,6.721943048576215,-0.9627733829688228,0.1275405005684918,-0.0036028201902588,0.2320193006084654,1.107557139436281,27.03338513200404
Breakout: Breakout + EMA50 + Volume,3,6558,0.481549252820982,0.5088441598048186,0.0015916186999294,-0.0009643201542911,-0.1176283179071368,-0.0482725558958084,0.037910561021016,0.1099326925688941,3.666666666666667,-0.9847328244274808,0.1625000778563705,-0.0080319976468303,0.2274516553741157,1.0394267790825225,26.04674438514744
Breakout: Breakout + EMA50 + Volume,5,6558,0.4600487953644404,0.5317169868862458,-0.001582099371408,-0.0046356540741321,-0.1621898054996646,-0.0687904105497043,0.0480501731495273,0.1377129492642564,3.748046875,-0.9888848920863308,0.201855037783985,-0.0139724178617963,0.2361922830207629,0.97040280583773,21.082855344161327
Breakout: Breakout + EMA50 + Volume,10,6091,0.4486947956000656,0.5442456082745034,-0.0101529598290279,-0.0094936708860758,-0.2218214607754732,-0.100366480761359,0.0575111310659631,0.1699290780141844,9.279296875,-0.9944529262086514,0.2745723597850124,-0.025262527426943,0.235763849154563,0.8612702575444677,17.225405150889355
Breakout: Breakout + EMA50 + Volume,20,5687,0.4501494636891155,0.5466854228943204,-0.00698179584713,-0.0152671755725191,-0.2963402777777779,-0.1393424753867792,0.0798054534192984,0.2474890847368032,12.928571428571429,-0.996005089058524,0.3938365814394479,-0.0296362248416048,0.2506606568482007,0.9274214713457096,18.573340041766773
Breakout: Retest + Volume,1,7303,0.4718608790907846,0.5013008352731754,0.0011550830743767,-0.000299550673989,-0.0693764937345674,-0.0276538211625931,0.0238259441707717,0.067291781577496,6.721943048576215,-0.9627733829688228,0.1215510424977121,-0.0045291591918287,0.22500562803208,1.0483169463662985,24.60981877579007
Breakout: Retest + Volume,3,7166,0.4716717834217137,0.5177225788445436,0.0007549601311577,-0.0019869092172374,-0.1186564903182114,-0.0491734991646218,0.0359235847893749,0.105600029971527,3.666666666666667,-0.9847328244274808,0.1687632618468615,-0.0095207908419409,0.2465204933784822,1.018620053163554,23.984364966890023
Breakout: Retest + Volume,5,7166,0.4533910131174993,0.539771141501535,-0.0016401235496306,-0.0056127270818019,-0.161764705882353,-0.0682135076252723,0.0456663829421239,0.1337962309657779,3.748046875,-0.988909426987061,0.2105946270234152,-0.0150435877358093,0.2575524683983815,0.9691143477187354,19.947455807291256
Breakout: Retest + Volume,10,6791,0.4395523486968046,0.5535267265498454,-0.0102983383694697,-0.0111420612813371,-0.2172211350293541,-0.1011164031520265,0.0528906704127105,0.1666666666666665,9.279296875,-0.9944529262086514,0.2773826156329338,-0.0262491487251255,0.2499010732832608,0.8591016064682269,17.18203212936454
Breakout: Retest + Volume,20,6427,0.4230589699704372,0.5736735646491364,-0.0123256884580832,-0.0253093363329585,-0.2878333333333333,-0.1431626665691776,0.0671505326034404,0.2334362266946536,12.928571428571429,-0.996005089058524,0.3982939984816145,-0.0360962050224848,0.2738481046406593,0.8739897217844709,17.479794435689417
Resistance: Rejection + RSI,1,3586,0.4576129392080312,0.5050195203569436,0.0001790358493698,-0.0002585061137692,-0.0356359496429418,-0.014467241776471,0.0113623952500099,0.0336238846945778,0.5485961123110152,-0.3807531380753138,0.047869616351309,-0.0025996622877594,0.2205171605751662,1.0145478037740447,21.559779276819437
Resistance: Rejection + RSI,3,3519,0.4722932651321398,0.5092355782892868,0.0001178383757209,-0.0005743825387709,-0.0645329032258064,-0.0251797951611545,0.0228541950869667,0.0679559882568439,1.4686274509803925,-0.6991435768261964,0.0857176066746358,-0.0042405205944385,0.1882837840974336,1.005166995269661,23.818884094083188
Resistance: Rejection + RSI,5,3450,0.4727536231884058,0.5127536231884058,-0.0001400620835161,-0.0009837680688143,-0.0874969112923153,-0.0337830667322794,0.0282465666544932,0.0833360845163421,4.094693028095734,-0.8105793450881612,0.1245574815850134,-0.0063425495596744,0.2078487403648433,0.995281035961466,23.697891250630285
Resistance: Rejection + RSI,10,3316,0.4580820265379975,0.5334740651387213,-0.0032512710066027,-0.003511000989684,-0.1245725403607158,-0.0535131032360633,0.0366191983152529,0.1179933209218752,2.869927159209157,-0.9280110497237568,0.1474405296607972,-0.0109163537925975,0.1921941380618527,0.923621721554782,19.81943885409523
Resistance: Rejection + RSI,20,3188,0.4269134253450439,0.5674404015056461,-0.006786498822948,-0.0133577334629374,-0.1892878132740018,-0.0928865082234022,0.0470599568536784,0.1732436618753021,2.848444444444445,-0.9785635359116022,0.2072004917054855,-0.0179909599330275,0.1924917636386713,0.8941018434480883,17.882036868961766
